tech	adobe
bank	air bank
business	airbnb
retail	alibaba
retail	aliexpress
tech	amazon
finance	american express
bank	American express
tech	aol
tech	apple
tech	avast
tech	baidu
bank	barclays
entertainment	BBC
crypto	bitfinex
crypto	bitpanda
bank	boa
bank	caixa
bank	ceska sporitelna
crypto	cex.io
bank	chase
bank	citibank
crypto	coinbase
crypto	coinhouse
crypto	coinmama
bank	credit suisse
bank	csob
telco	dhl
tech	discord
tech	docusign
tech	dropbox
tech	ebay
bank	equa bank
tech	facebook
tech	google
bank	HSBC
tech	instagram
tech	interia.pl
bank	komercni banka
crypto	kraken
social	linkedin
bank	luno
tech	mail.ru
tech	microsoft
crypto	myetherwallet
entertainment	netflix
telco	o2
finance	paypal
entertainment	pornhub
bank	postbank
tech	reddit
finance	revolut
bank	santander
tech	seznam
social	snapchat
bank	sparkasse
tech	spotify
entertainment	steam
telco	t-mobile
bank	unicredit
social	vkontakte
telco	vodafone
bank	wells fargo
finance	wellsfargo
bank	Wells Fargo
